{"cameraMode":{"drawMode":0,"name":"Shaded","section":"Shading Mode"},"sceneLighting":true,"audioPlay":false,"sceneViewState":{"showFog":true,"showMaterialUpdate":false,"showSkybox":true,"showFlares":true,"showImageEffects":true,"showParticleSystems":true},"in2DMode":false,"pivot":{"x":6.417689323425293,"y":-4.755755424499512,"z":15.186519622802735},"rotation":{"x":0.18621477484703065,"y":0.04419640079140663,"z":-0.008385302498936654,"w":0.9814792275428772},"size":46.16850662231445,"orthographic":false}